IF,THEN,Support,Confidence,Lift
['flour'],sugar,0.00498220640569395,0.28654970760233917,8.463112235042061
"['citrus fruit', 'other vegetables', 'whole milk']",root vegetables,0.005795627859684799,0.4453125,4.085492945429105
"['butter', 'other vegetables']",whipped/sour cream,0.005795627859684799,0.2893401015228426,4.036397019116536
['herbs'],root vegetables,0.007015760040671073,0.43125,3.9564773787313436
"['rolls/buns', 'root vegetables']",beef,0.00498220640569395,0.20502092050209206,3.9077146378644874
"['citrus fruit', 'pip fruit']",tropical fruit,0.005592272496187087,0.40441176470588236,3.8540597925216593
['berries'],whipped/sour cream,0.009049313675648195,0.27217125382262997,3.796885505454703
"['other vegetables', 'tropical fruit', 'whole milk']",root vegetables,0.007015760040671073,0.4107142857142857,3.7680736940298507
"['whipped/sour cream', 'whole milk']",butter,0.006710726995424504,0.2082018927444795,3.7571846149393684
"['root vegetables', 'whole milk', 'yogurt']",tropical fruit,0.0056939501779359435,0.3916083916083916,3.7320431506478022
"['other vegetables', 'pip fruit', 'whole milk']",root vegetables,0.005490594814438231,0.40601503759398494,3.7249607227022783
"['other vegetables', 'tropical fruit', 'yogurt']",root vegetables,0.00498220640569395,0.4049586776859504,3.715269211792278
"['citrus fruit', 'tropical fruit']",pip fruit,0.005592272496187087,0.28061224489795916,3.709437403993855
"['curd', 'tropical fruit']",yogurt,0.0052872394509405184,0.5148514851485149,3.6906445746615475
"['beef', 'other vegetables']",root vegetables,0.007930859176410779,0.4020618556701031,3.6886924911524854
"['other vegetables', 'root vegetables', 'yogurt']",tropical fruit,0.00498220640569395,0.3858267716535433,3.6769440883843005
"['onions', 'other vegetables']",root vegetables,0.0056939501779359435,0.4,3.669776119402986
"['citrus fruit', 'other vegetables', 'whole milk']",tropical fruit,0.00498220640569395,0.3828125,3.6482179626937983
"['other vegetables', 'whipped/sour cream']",butter,0.005795627859684799,0.2007042253521127,3.621882672179868
"['domestic eggs', 'whole milk']",butter,0.005998983223182512,0.2,3.6091743119266058
"['other vegetables', 'tropical fruit', 'whole milk']",citrus fruit,0.00498220640569395,0.2916666666666667,3.5240069615069616
"['other vegetables', 'whole milk', 'yogurt']",whipped/sour cream,0.005592272496187087,0.2511415525114155,3.5035137148223714
"['other vegetables', 'tropical fruit']",pip fruit,0.00945602440264362,0.26345609065155806,3.4826487252124645
"['fruit/vegetable juice', 'other vegetables', 'whole milk']",yogurt,0.005083884087442806,0.4854368932038835,3.479789974242124
"['beef', 'whole milk']",root vegetables,0.008032536858159633,0.37799043062200954,3.467850639148754
"['root vegetables', 'yogurt']",whipped/sour cream,0.006405693950177936,0.24803149606299213,3.4601273245099677
"['other vegetables', 'pip fruit']",tropical fruit,0.00945602440264362,0.36186770428015563,3.4486132476698947
"['tropical fruit', 'whole milk', 'yogurt']",root vegetables,0.0056939501779359435,0.37583892617449666,3.448111790043074
"['butter', 'whole milk']",domestic eggs,0.005998983223182512,0.2177121771217712,3.4314090737061216
"['root vegetables', 'tropical fruit', 'whole milk']",yogurt,0.0056939501779359435,0.4745762711864407,3.4019370460048424
"['butter', 'whole milk']",whipped/sour cream,0.006710726995424504,0.24354243542435425,3.3975033367354945
"['pip fruit', 'yogurt']",tropical fruit,0.006405693950177936,0.3559322033898305,3.392047694126922
"['margarine', 'whole milk']",domestic eggs,0.005185561769191663,0.21428571428571427,3.377403846153846
"['beef', 'rolls/buns']",root vegetables,0.00498220640569395,0.3656716417910448,3.354832646469147
"['root vegetables', 'tropical fruit']",pip fruit,0.0052872394509405184,0.25120772946859904,3.3207365851124617
"['pip fruit', 'tropical fruit']",citrus fruit,0.005592272496187087,0.2736318407960199,3.306104612074762
"['citrus fruit', 'other vegetables']",root vegetables,0.010371123538383325,0.3591549295774648,3.295045459323103
"['citrus fruit', 'root vegetables', 'whole milk']",other vegetables,0.005795627859684799,0.6333333333333333,3.2731651777894553
"['rolls/buns', 'shopping bags']",sausage,0.005998983223182512,0.3072916666666667,3.2707938762626267
"['root vegetables', 'tropical fruit']",citrus fruit,0.0056939501779359435,0.27053140096618356,3.2686441382093565
"['other vegetables', 'yogurt']",whipped/sour cream,0.010167768174885612,0.234192037470726,3.2670619695384255
"['other vegetables', 'whole milk', 'yogurt']",tropical fruit,0.007625826131164209,0.3424657534246575,3.263711904003398
"['other vegetables', 'whipped/sour cream', 'whole milk']",root vegetables,0.005185561769191663,0.3541666666666667,3.2492809390547266
"['pip fruit', 'root vegetables']",tropical fruit,0.0052872394509405184,0.33986928104575165,3.238967421593961
"['other vegetables', 'whole milk', 'yogurt']",root vegetables,0.007829181494661922,0.3515981735159817,3.2257164519866426
"['tropical fruit', 'whipped/sour cream']",yogurt,0.0062023385866802234,0.4485294117647059,3.215223589435774
"['other vegetables', 'tropical fruit', 'whole milk']",yogurt,0.007625826131164209,0.44642857142857145,3.200163994169096
"['domestic eggs', 'other vegetables']",whipped/sour cream,0.005083884087442806,0.228310502283105,3.1850124680203376
"['other vegetables', 'rolls/buns', 'whole milk']",root vegetables,0.0062023385866802234,0.3465909090909091,3.179777603459973
"['pip fruit', 'root vegetables', 'whole milk']",other vegetables,0.005490594814438231,0.6136363636363636,3.171368174652463
"['root vegetables', 'tropical fruit', 'yogurt']",other vegetables,0.00498220640569395,0.6125,3.1654952706253283
"['other vegetables', 'whole milk', 'yogurt']",fruit/vegetable juice,0.005083884087442806,0.228310502283105,3.1581347256741745
"['curd', 'whole milk']",whipped/sour cream,0.005897305541433655,0.22568093385214008,3.1483290559373014
"['frozen vegetables', 'other vegetables']",root vegetables,0.006100660904931368,0.34285714285714286,3.1455223880597014
"['other vegetables', 'tropical fruit']",root vegetables,0.012302999491611592,0.34277620396600567,3.1447798190351364
"['other vegetables', 'root vegetables', 'whole milk']",pip fruit,0.005490594814438231,0.23684210526315788,3.1308361629881154
"['chicken', 'whole milk']",root vegetables,0.005998983223182512,0.34104046242774566,3.1288553619187303
"['pip fruit', 'whipped/sour cream']",other vegetables,0.005592272496187087,0.6043956043956044,3.12361049355269
"['other vegetables', 'root vegetables', 'whole milk']",whipped/sour cream,0.005185561769191663,0.2236842105263158,3.120474057484136
"['onions', 'root vegetables']",other vegetables,0.0056939501779359435,0.6021505376344086,3.11200763932444
"['citrus fruit', 'root vegetables']",tropical fruit,0.0056939501779359435,0.3218390804597701,3.0671389111645726
['sliced cheese'],sausage,0.007015760040671073,0.2863070539419087,3.0474349302150134
"['other vegetables', 'tropical fruit']",citrus fruit,0.009049313675648195,0.2521246458923513,3.046248025001566
"['other vegetables', 'tropical fruit']",whipped/sour cream,0.007829181494661922,0.21813031161473087,3.042995198199827
['beef'],root vegetables,0.017386883579054397,0.3313953488372093,3.0403668431100312
"['citrus fruit', 'root vegetables']",other vegetables,0.010371123538383325,0.5862068965517241,3.0296084222733612
"['butter', 'other vegetables']",root vegetables,0.0066090493136756485,0.3299492385786802,3.027099590878097
"['root vegetables', 'tropical fruit', 'whole milk']",other vegetables,0.007015760040671073,0.5847457627118644,3.0220570553185424
"['root vegetables', 'tropical fruit']",other vegetables,0.012302999491611592,0.5845410628019324,3.0209991343441964
"['other vegetables', 'root vegetables', 'whole milk']",citrus fruit,0.005795627859684799,0.25,3.0205773955773956
"['other vegetables', 'whole milk', 'yogurt']",pip fruit,0.005083884087442806,0.228310502283105,3.0180561692934647
"['domestic eggs', 'other vegetables']",root vegetables,0.007320793085917641,0.3287671232876712,3.0162543447147825
"['root vegetables', 'yogurt']",tropical fruit,0.00813421453990849,0.31496062992125984,3.0015870109259595
"['fruit/vegetable juice', 'other vegetables']",tropical fruit,0.0066090493136756485,0.3140096618357488,2.992524248211812
"['citrus fruit', 'other vegetables']",tropical fruit,0.009049313675648195,0.31338028169014087,2.9865262310295884
"['other vegetables', 'pip fruit']",whipped/sour cream,0.005592272496187087,0.2140077821011673,2.985484449595717
"['other vegetables', 'pork']",root vegetables,0.007015760040671073,0.323943661971831,2.972001786840446
"['tropical fruit', 'yogurt']",whipped/sour cream,0.0062023385866802234,0.21180555555555555,2.954762608353034
"['bottled water', 'yogurt']",tropical fruit,0.0071174377224199285,0.30973451327433627,2.9517819167181174
"['butter', 'whipped/sour cream']",other vegetables,0.005795627859684799,0.57,2.94584866001051
"['curd', 'other vegetables']",tropical fruit,0.0052872394509405184,0.3076923076923077,2.9323196183661304
"['curd', 'other vegetables']",root vegetables,0.005490594814438231,0.31952662721893493,2.9314779652035687
"['tropical fruit', 'whipped/sour cream']",other vegetables,0.007829181494661922,0.5661764705882353,2.926088065283917
"['chicken', 'other vegetables']",root vegetables,0.0056939501779359435,0.3181818181818182,2.9191400949796478
"['curd', 'yogurt']",tropical fruit,0.0052872394509405184,0.3058823529411765,2.9150706794345647
"['other vegetables', 'root vegetables', 'tropical fruit']",yogurt,0.00498220640569395,0.4049586776859504,2.902892561983471
"['tropical fruit', 'yogurt']",pip fruit,0.006405693950177936,0.21875,2.891675067204301
"['other vegetables', 'root vegetables', 'whole milk']",tropical fruit,0.007015760040671073,0.3026315789473684,2.884090677274582
"['citrus fruit', 'whole milk']",whipped/sour cream,0.00630401626842908,0.20666666666666667,2.88307328605201
"['fruit/vegetable juice', 'other vegetables']",root vegetables,0.0066090493136756485,0.3140096618357488,2.8808628956665947
"['cream cheese ', 'whole milk']",yogurt,0.0066090493136756485,0.4012345679012346,2.8761967750062984
"['other vegetables', 'pip fruit']",root vegetables,0.00813421453990849,0.311284046692607,2.8558569022591325
"['whipped/sour cream', 'yogurt']",tropical fruit,0.0062023385866802234,0.29901960784313725,2.8496684526523786
"['newspapers', 'other vegetables']",root vegetables,0.005998983223182512,0.3105263157894737,2.8489051453260017
"['butter', 'tropical fruit']",other vegetables,0.005490594814438231,0.5510204081632653,2.847759177238946
"['fruit/vegetable juice', 'root vegetables']",other vegetables,0.0066090493136756485,0.5508474576271186,2.846865341966743
"['citrus fruit', 'tropical fruit', 'whole milk']",other vegetables,0.00498220640569395,0.550561797752809,2.845389007303666
"['other vegetables', 'whole milk']",root vegetables,0.023182511438739197,0.30978260869565216,2.84208204899416
"['root vegetables', 'whipped/sour cream', 'whole milk']",other vegetables,0.005185561769191663,0.5483870967741935,2.8341498143847574
"['whipped/sour cream', 'yogurt']",root vegetables,0.006405693950177936,0.3088235294117647,2.8332830333625987
"['citrus fruit', 'whole milk']",tropical fruit,0.009049313675648195,0.2966666666666667,2.8272448320413437
"['onions', 'whole milk']",other vegetables,0.0066090493136756485,0.5462184873949579,2.8229421037989555
"['pork', 'whole milk']",root vegetables,0.00681240467717336,0.3073394495412844,2.81966743119266
"['fruit/vegetable juice', 'other vegetables']",yogurt,0.008235892221657347,0.391304347826087,2.8050133096716947
['onions'],root vegetables,0.00945602440264362,0.30491803278688523,2.79745228774162
"['frozen vegetables', 'whole milk']",root vegetables,0.0062023385866802234,0.3034825870646766,2.784282876661469
"['root vegetables', 'whole milk', 'yogurt']",other vegetables,0.007829181494661922,0.5384615384615384,2.782852985165124
"['fruit/vegetable juice', 'whole milk', 'yogurt']",other vegetables,0.005083884087442806,0.5376344086021505,2.778578249396821
"['pastry', 'root vegetables']",other vegetables,0.005897305541433655,0.5370370370370371,2.7754909402308243
"['citrus fruit', 'yogurt']",tropical fruit,0.00630401626842908,0.29107981220657275,2.7740018924919028
"['root vegetables', 'tropical fruit']",yogurt,0.00813421453990849,0.3864734299516908,2.7703835157251304
"['curd', 'whole milk']",yogurt,0.010066090493136757,0.3852140077821012,2.7613555149686335
"['cream cheese ', 'other vegetables']",yogurt,0.0052872394509405184,0.3851851851851852,2.7611489040060464
"['bottled water', 'tropical fruit']",yogurt,0.0071174377224199285,0.38461538461538464,2.757064364207221
"['citrus fruit', 'whole milk']",root vegetables,0.009150991357397052,0.3,2.752332089552239
"['margarine', 'root vegetables']",other vegetables,0.005897305541433655,0.5321100917431193,2.7500277205956793
"['pip fruit', 'whole milk', 'yogurt']",other vegetables,0.005083884087442806,0.5319148936170213,2.7490189063181316
"['margarine', 'other vegetables']",root vegetables,0.005897305541433655,0.29896907216494845,2.7428739036774887
"['butter', 'whole milk']",root vegetables,0.008235892221657347,0.2988929889298893,2.742175882579722
"['root vegetables', 'tropical fruit', 'yogurt']",whole milk,0.0056939501779359435,0.7,2.7395543175487465
"['other vegetables', 'whipped/sour cream', 'whole milk']",yogurt,0.005592272496187087,0.3819444444444444,2.737918083900227
"['other vegetables', 'yogurt']",root vegetables,0.012913065582104729,0.297423887587822,2.728697700024468
"['pip fruit', 'whole milk']",root vegetables,0.008947635993899338,0.2972972972972973,2.727536304961678
"['other vegetables', 'pip fruit']",citrus fruit,0.005897305541433655,0.22568093385214008,2.726746909626287
"['frozen vegetables', 'root vegetables']",other vegetables,0.006100660904931368,0.5263157894736842,2.720081865198993
"['other vegetables', 'whipped/sour cream']",root vegetables,0.008540925266903915,0.29577464788732394,2.7135668488543203
"['bottled beer', 'soda']",bottled water,0.005083884087442806,0.2994011976047904,2.7089335588253114
"['root vegetables', 'yogurt']",pip fruit,0.0052872394509405184,0.2047244094488189,2.706269579205825
"['citrus fruit', 'whipped/sour cream']",other vegetables,0.0056939501779359435,0.5233644859813084,2.7048290696932047
"['chicken', 'root vegetables']",other vegetables,0.0056939501779359435,0.5233644859813084,2.7048290696932047
"['pip fruit', 'root vegetables']",other vegetables,0.00813421453990849,0.5228758169934641,2.702303552354555
"['bottled beer', 'whole milk']",bottled water,0.006100660904931368,0.29850746268656714,2.7008471899929973
"['other vegetables', 'yogurt']",tropical fruit,0.012302999491611592,0.28337236533957844,2.700549625111196
"['citrus fruit', 'other vegetables']",pip fruit,0.005897305541433655,0.20422535211267606,2.699672497349689
"['newspapers', 'root vegetables']",other vegetables,0.005998983223182512,0.5221238938053098,2.6984174963611256
"['pip fruit', 'yogurt']",root vegetables,0.0052872394509405184,0.2937853107344633,2.695315793911797
"['other vegetables', 'pip fruit', 'whole milk']",yogurt,0.005083884087442806,0.37593984962406013,2.6948749424581857
"['whipped/sour cream', 'whole milk']",root vegetables,0.00945602440264362,0.29337539432176657,2.691555040256133
"['root vegetables', 'whipped/sour cream']",yogurt,0.006405693950177936,0.375,2.6881377551020407
"['rolls/buns', 'soda']",sausage,0.009659379766141332,0.2519893899204244,2.6821597942287596
"['pip fruit', 'whole milk']",tropical fruit,0.008439247585155059,0.28040540540540543,2.6722743819400794
"['root vegetables', 'shopping bags']",other vegetables,0.0066090493136756485,0.5158730158730159,2.6661119869212353
"['chicken', 'rolls/buns']",other vegetables,0.00498220640569395,0.5157894736842106,2.6656802278950136
"['pork', 'root vegetables']",other vegetables,0.007015760040671073,0.5149253731343284,2.6612144218476717
"['curd', 'tropical fruit']",other vegetables,0.0052872394509405184,0.5148514851485149,2.660832557244164
"['whipped/sour cream', 'whole milk', 'yogurt']",other vegetables,0.005592272496187087,0.514018691588785,2.65652855059154
"['butter', 'root vegetables']",other vegetables,0.0066090493136756485,0.5118110236220472,2.6451189791502023
"['other vegetables', 'root vegetables']",citrus fruit,0.010371123538383325,0.21888412017167383,2.6446257025656172
"['other vegetables', 'pip fruit', 'root vegetables']",whole milk,0.005490594814438231,0.675,2.6417130919220058
"['domestic eggs', 'root vegetables']",other vegetables,0.007320793085917641,0.5106382978723404,2.6390581500654062
"['domestic eggs', 'whipped/sour cream']",other vegetables,0.005083884087442806,0.5102040816326531,2.636814052999024
"['other vegetables', 'rolls/buns']",root vegetables,0.012201321809862735,0.2863961813842482,2.6275246678303
"['citrus fruit', 'tropical fruit']",root vegetables,0.0056939501779359435,0.2857142857142857,2.6212686567164183
"['other vegetables', 'shopping bags']",root vegetables,0.0066090493136756485,0.2850877192982456,2.6155202605394083
"['domestic eggs', 'whole milk']",root vegetables,0.008540925266903915,0.2847457627118644,2.6123830002529727
"['butter', 'other vegetables']",tropical fruit,0.005490594814438231,0.27411167512690354,2.612294888442923
"['curd', 'root vegetables']",other vegetables,0.005490594814438231,0.5046728971962616,2.608228031489876
"['tropical fruit', 'whole milk']",root vegetables,0.011997966446365024,0.28365384615384615,2.6023652769804824
"['tropical fruit', 'whole milk', 'yogurt']",other vegetables,0.007625826131164209,0.5033557046979866,2.601420575777561
"['tropical fruit', 'yogurt']",citrus fruit,0.00630401626842908,0.2152777777777778,2.6010527573027575
['grapes'],tropical fruit,0.006100660904931368,0.2727272727272727,2.5991014799154333
"['rolls/buns', 'root vegetables']",other vegetables,0.012201321809862735,0.502092050209205,2.594889812825818
"['bottled water', 'other vegetables']",root vegetables,0.007015760040671073,0.2827868852459016,2.5944113958894057
"['tropical fruit', 'whole milk']",citrus fruit,0.009049313675648195,0.21394230769230768,2.5849171942921947
"['root vegetables', 'whipped/sour cream']",other vegetables,0.008540925266903915,0.5,2.5840777719390435
"['root vegetables', 'yogurt']",other vegetables,0.012913065582104729,0.5,2.5840777719390435
"['other vegetables', 'whipped/sour cream']",tropical fruit,0.007829181494661922,0.2711267605633803,2.583848536958183
"['butter', 'whipped/sour cream']",whole milk,0.006710726995424504,0.66,2.5830083565459607
"['whole milk', 'yogurt']",tropical fruit,0.015149974580579562,0.27041742286751363,2.5770885212228647
['pip fruit'],tropical fruit,0.02043721403152008,0.2701612903225806,2.574647568142035
"['tropical fruit', 'whole milk']",yogurt,0.015149974580579562,0.3581730769230769,2.5675161891679745
"['pork', 'rolls/buns']",other vegetables,0.005592272496187087,0.4954954954954955,2.5607977920116647
"['fruit/vegetable juice', 'soda']",bottled water,0.005185561769191663,0.281767955801105,2.549390842045876
"['tropical fruit', 'yogurt']",root vegetables,0.00813421453990849,0.2777777777777778,2.5484556384742953
"['rolls/buns', 'tropical fruit']",yogurt,0.008744280630401627,0.35537190082644626,2.5474363299038623
"['curd', 'other vegetables']",yogurt,0.006100660904931368,0.35502958579881655,2.544982490037435
"['fruit/vegetable juice', 'whole milk']",yogurt,0.00945602440264362,0.3549618320610687,2.54449680635613
"['pip fruit', 'whipped/sour cream']",whole milk,0.005998983223182512,0.6483516483516484,2.537420796473721
"['whipped/sour cream', 'yogurt']",other vegetables,0.010167768174885612,0.49019607843137253,2.5334095803323953
"['other vegetables', 'whipped/sour cream']",yogurt,0.010167768174885612,0.352112676056338,2.524073009485484
"['rolls/buns', 'root vegetables', 'whole milk']",other vegetables,0.0062023385866802234,0.488,2.5220599054125064
['soft cheese'],yogurt,0.005998983223182512,0.35119047619047616,2.517462342079689
"['butter', 'yogurt']",whole milk,0.009354346720894764,0.6388888888888888,2.500386877127824
"['butter', 'root vegetables']",whole milk,0.008235892221657347,0.6377952755905512,2.4961068585089814
"['fruit/vegetable juice', 'tropical fruit']",other vegetables,0.0066090493136756485,0.48148148148148145,2.488371187793153
"['root vegetables', 'sausage']",yogurt,0.005185561769191663,0.3469387755102041,2.4869845897542686
"['curd', 'tropical fruit']",whole milk,0.006507371631926792,0.6336633663366337,2.479936015885711
"['chicken', 'whole milk']",other vegetables,0.008439247585155059,0.4797687861271676,2.4795197118027814
"['citrus fruit', 'rolls/buns']",yogurt,0.005795627859684799,0.34545454545454546,2.476345083487941
"['bottled water', 'other vegetables']",citrus fruit,0.005083884087442806,0.20491803278688525,2.4758831111290127
"['other vegetables', 'root vegetables']",tropical fruit,0.012302999491611592,0.259656652360515,2.4745379612070404
"['other vegetables', 'shopping bags']",sausage,0.005388917132689374,0.2324561403508772,2.474249069643806
"['shopping bags', 'soda']",sausage,0.0056939501779359435,0.23140495867768596,2.4630603556223396
"['other vegetables', 'tropical fruit']",yogurt,0.012302999491611592,0.34277620396600567,2.45714574781754
"['soda', 'yogurt']",bottled water,0.007422470767666497,0.27137546468401486,2.455361265103299
['herbs'],other vegetables,0.007727503812913066,0.475,2.4548738833420916
"['root vegetables', 'whole milk']",other vegetables,0.023182511438739197,0.47401247401247404,2.4497701954349353
"['other vegetables', 'pip fruit', 'yogurt']",whole milk,0.005083884087442806,0.625,2.4460306406685235
"['frozen vegetables', 'whole milk']",other vegetables,0.009659379766141332,0.472636815920398,2.442660580439892
"['domestic eggs', 'pip fruit']",whole milk,0.005388917132689374,0.6235294117647059,2.440275274455186
"['pip fruit', 'root vegetables']",yogurt,0.0052872394509405184,0.33986928104575165,2.4363078564759237
"['butter', 'tropical fruit']",whole milk,0.0062023385866802234,0.6224489795918368,2.436046842135182
"['domestic eggs', 'margarine']",whole milk,0.005185561769191663,0.6219512195121951,2.434098783884775
"['butter', 'whole milk']",yogurt,0.009354346720894764,0.33948339483394835,2.4335416823555986
"['butter', 'domestic eggs']",whole milk,0.005998983223182512,0.6210526315789474,2.4305820260958804
"['other vegetables', 'tropical fruit', 'yogurt']",whole milk,0.007625826131164209,0.6198347107438017,2.4258155114067996
"['rolls/buns', 'yogurt']",tropical fruit,0.008744280630401627,0.25443786982248523,2.424802761341223
"['sausage', 'yogurt']",root vegetables,0.005185561769191663,0.26424870466321243,2.424333964890573
"['other vegetables', 'root vegetables', 'whole milk']",yogurt,0.007829181494661922,0.33771929824561403,2.4208959899749374
"['whipped/sour cream', 'whole milk']",yogurt,0.010879511947127605,0.33753943217665616,2.419606643919397
"['fruit/vegetable juice', 'other vegetables', 'yogurt']",whole milk,0.005083884087442806,0.6172839506172839,2.415832731524467
"['citrus fruit', 'whole milk']",yogurt,0.010269445856634469,0.33666666666666667,2.4133503401360543
"['napkins', 'whole milk']",tropical fruit,0.00498220640569395,0.25257731958762886,2.4070716454886916
"['frankfurter', 'whole milk']",tropical fruit,0.005185561769191663,0.2524752475247525,2.4060988947731983
"['other vegetables', 'rolls/buns', 'whole milk']",yogurt,0.005998983223182512,0.3352272727272727,2.4030322356215215
"['other vegetables', 'pastry']",root vegetables,0.005897305541433655,0.26126126126126126,2.396925843754202
"['pip fruit', 'tropical fruit']",other vegetables,0.00945602440264362,0.4626865671641791,2.3912361471674735
"['bottled water', 'other vegetables']",tropical fruit,0.0062023385866802234,0.25,2.3825096899224807
"['whole milk', 'yogurt']",root vegetables,0.014539908490086425,0.2595281306715064,2.3810253406289785
"['sausage', 'soda']",shopping bags,0.0056939501779359435,0.23430962343096234,2.3781580458653404
"['domestic eggs', 'tropical fruit']",whole milk,0.006914082358922217,0.6071428571428571,2.376144050935137
"['other vegetables', 'root vegetables', 'whipped/sour cream']",whole milk,0.005185561769191663,0.6071428571428571,2.376144050935137
"['pip fruit', 'tropical fruit']",root vegetables,0.0052872394509405184,0.25870646766169153,2.373487042399941
"['curd', 'whole milk']",tropical fruit,0.006507371631926792,0.2490272373540856,2.373239224202938
"['other vegetables', 'root vegetables', 'yogurt']",whole milk,0.007829181494661922,0.6062992125984252,2.3728423222863158
['onions'],other vegetables,0.014234875444839857,0.45901639344262296,2.3722681185014167
"['sausage', 'whole milk']",root vegetables,0.007727503812913066,0.2585034013605442,2.371624022743426
"['pork', 'whole milk']",other vegetables,0.010167768174885612,0.45871559633027525,2.3707135522376546
"['rolls/buns', 'whipped/sour cream']",other vegetables,0.006710726995424504,0.4583333333333333,2.3687379576107896
"['beef', 'root vegetables']",other vegetables,0.007930859176410779,0.45614035087719296,2.3574042831724613
"['bottled water', 'butter']",whole milk,0.005388917132689374,0.6022727272727273,2.357084071916941
"['root vegetables', 'sausage']",other vegetables,0.00681240467717336,0.4557823129251701,2.3555538873457946
"['bottled water', 'other vegetables']",yogurt,0.00813421453990849,0.32786885245901637,2.3502843760455
['sliced cheese'],yogurt,0.008032536858159633,0.3278008298755187,2.3497967651791
"['whipped/sour cream', 'whole milk']",other vegetables,0.014641586171835282,0.45425867507886436,2.3476794899635474
"['other vegetables', 'soda']",sausage,0.007219115404168785,0.2204968944099379,2.346955580651233
"['citrus fruit', 'tropical fruit']",other vegetables,0.009049313675648195,0.45408163265306123,2.3467645071691314
"['whipped/sour cream', 'whole milk']",tropical fruit,0.007930859176410779,0.24605678233438485,2.3449306727312744
"['root vegetables', 'whole milk']",tropical fruit,0.011997966446365024,0.24532224532224534,2.337930506535158
"['pip fruit', 'yogurt']",other vegetables,0.00813421453990849,0.4519774011299435,2.335889511357328
"['domestic eggs', 'root vegetables']",whole milk,0.008540925266903915,0.5957446808510638,2.3315355894031886
"['oil', 'whole milk']",other vegetables,0.005083884087442806,0.45045045045045046,2.3279979927378767
['chicken'],root vegetables,0.010879511947127605,0.25355450236966826,2.32622064440829
['curd'],yogurt,0.01728520589730554,0.3244274809160305,2.325615360648076
"['frozen vegetables', 'whole milk']",tropical fruit,0.00498220640569395,0.24378109452736318,2.3232432797254043
"['pip fruit', 'whole milk']",other vegetables,0.013523131672597865,0.44932432432432434,2.3221779977560324
"['other vegetables', 'sausage']",root vegetables,0.00681240467717336,0.2528301886792453,2.319575471698113
"['bottled water', 'root vegetables']",other vegetables,0.007015760040671073,0.44805194805194803,2.315602159270052
"['rolls/buns', 'root vegetables']",tropical fruit,0.005897305541433655,0.24267782426778242,2.312729071389186
"['soda', 'whole milk']",pastry,0.008235892221657347,0.20558375634517767,2.310761421319797
"['other vegetables', 'soda']",root vegetables,0.008235892221657347,0.2515527950310559,2.3078560999351074
"['soda', 'yogurt']",tropical fruit,0.0066090493136756485,0.241635687732342,2.3027974698135503
"['sausage', 'whole milk']",tropical fruit,0.007219115404168785,0.24149659863945577,2.3014719453672945
['citrus fruit'],tropical fruit,0.0199288256227758,0.24078624078624078,2.294702207492905
['oil'],root vegetables,0.007015760040671073,0.25,2.2936100746268657
"['curd', 'rolls/buns']",whole milk,0.005897305541433655,0.5858585858585859,2.292844883374131
"['butter', 'other vegetables']",yogurt,0.006405693950177936,0.3197969543147208,2.292422044960116
"['beef', 'yogurt']",other vegetables,0.005185561769191663,0.4434782608695652,2.291964632502456
"['other vegetables', 'sugar']",whole milk,0.00630401626842908,0.5849056603773585,2.289115467493562
"['root vegetables', 'soda']",other vegetables,0.008235892221657347,0.4426229508196721,2.287544257126367
['berries'],yogurt,0.010574478901881037,0.3180428134556575,2.279847718904075
"['curd', 'yogurt']",whole milk,0.010066090493136757,0.5823529411764706,2.2791250204817306
"['pip fruit', 'whole milk']",yogurt,0.009557702084392475,0.31756756756756754,2.276440981798124
"['fruit/vegetable juice', 'yogurt']",other vegetables,0.008235892221657347,0.44021739130434784,2.2751119513811147
"['soda', 'tropical fruit']",yogurt,0.0066090493136756485,0.3170731707317073,2.272896963663514
"['frankfurter', 'whole milk']",root vegetables,0.005083884087442806,0.24752475247524752,2.2709010639869955
"['citrus fruit', 'whipped/sour cream']",whole milk,0.00630401626842908,0.5794392523364486,2.267721864993622
"['citrus fruit', 'tropical fruit']",yogurt,0.00630401626842908,0.3163265306122449,2.2675447730112452
"['butter', 'yogurt']",other vegetables,0.006405693950177936,0.4375,2.261068050446663
['hard cheese'],sausage,0.005185561769191663,0.21161825726141079,2.2524519049415317
"['pip fruit', 'root vegetables']",whole milk,0.008947635993899338,0.5751633986928104,2.2509876745498567
"['soda', 'tropical fruit']",bottled water,0.005185561769191663,0.24878048780487805,2.250925572733188
"['beef', 'whole milk']",other vegetables,0.009252669039145907,0.4354066985645933,2.2502495430282576
"['pip fruit', 'tropical fruit']",yogurt,0.006405693950177936,0.31343283582089554,2.2468017057569294
['root vegetables'],other vegetables,0.047381799694966954,0.43470149253731344,2.2466049285887952
['other vegetables'],root vegetables,0.047381799694966954,0.24487651077246453,2.2466049285887952
"['curd', 'other vegetables']",whole milk,0.009862735129639044,0.5739644970414202,2.2462955942707388
"['butter', 'other vegetables']",whole milk,0.011489578037620742,0.5736040609137056,2.2448849737709087
"['tropical fruit', 'whipped/sour cream']",whole milk,0.007930859176410779,0.5735294117647058,2.244592823201704
['cream cheese '],yogurt,0.012404677173360447,0.3128205128205128,2.242412349555207
"['fruit/vegetable juice', 'whole milk']",root vegetables,0.006507371631926792,0.24427480916030533,2.2410846530705255
"['domestic eggs', 'whipped/sour cream']",whole milk,0.0056939501779359435,0.5714285714285714,2.236370871468364
"['other vegetables', 'root vegetables', 'tropical fruit']",whole milk,0.007015760040671073,0.5702479338842975,2.231750270494256
"['other vegetables', 'pip fruit']",yogurt,0.00813421453990849,0.311284046692607,2.231398395934249
"['curd', 'root vegetables']",whole milk,0.0062023385866802234,0.5700934579439252,2.231145705880821
"['root vegetables', 'tropical fruit']",whole milk,0.011997966446365024,0.5700483091787439,2.230969009459987
"['frozen vegetables', 'tropical fruit']",whole milk,0.00498220640569395,0.5697674418604651,2.2298697933536307
"['bottled water', 'whole milk']",tropical fruit,0.008032536858159633,0.23372781065088757,2.227435094720426
"['sausage', 'tropical fruit']",other vegetables,0.005998983223182512,0.4306569343065693,2.2257020225460376
"['napkins', 'whole milk']",yogurt,0.006100660904931368,0.30927835051546393,2.2170208289501367
['frozen vegetables'],root vegetables,0.011591255719369599,0.24101479915433405,2.211175885898205
"['other vegetables', 'rolls/buns']",sausage,0.008845958312150484,0.20763723150357996,2.2100781080494687
"['hamburger meat', 'whole milk']",other vegetables,0.00630401626842908,0.42758620689655175,2.2098320256582165
"['citrus fruit', 'whole milk']",other vegetables,0.013014743263853584,0.4266666666666667,2.205079698721317
"['citrus fruit', 'pip fruit']",other vegetables,0.005897305541433655,0.4264705882352941,2.204066334889184
"['curd', 'whipped/sour cream']",whole milk,0.005897305541433655,0.5631067961165048,2.2038023636314468
"['root vegetables', 'yogurt']",whole milk,0.014539908490086425,0.562992125984252,2.20335358498015
"['cream cheese ', 'yogurt']",other vegetables,0.0052872394509405184,0.4262295081967213,2.2028203957513157
"['frozen vegetables', 'yogurt']",other vegetables,0.0052872394509405184,0.4262295081967213,2.2028203957513157
"['tropical fruit', 'yogurt']",bottled water,0.0071174377224199285,0.24305555555555555,2.19912731268527
"['rolls/buns', 'tropical fruit']",root vegetables,0.005897305541433655,0.2396694214876033,2.198832798815838
"['sausage', 'whipped/sour cream']",whole milk,0.005083884087442806,0.5617977528089888,2.198679227567212
"['beef', 'rolls/buns']",other vegetables,0.005795627859684799,0.4253731343283582,2.198394522395903
"['domestic eggs', 'whole milk']",tropical fruit,0.006914082358922217,0.2305084745762712,2.196754697148864
"['bottled beer', 'yogurt']",whole milk,0.005185561769191663,0.5604395604395604,2.193363739324742
"['butter', 'rolls/buns']",other vegetables,0.0056939501779359435,0.42424242424242425,2.192550836796764
"['brown bread', 'root vegetables']",whole milk,0.0056939501779359435,0.56,2.191643454038997
"['bottled water', 'sausage']",other vegetables,0.005083884087442806,0.423728813559322,2.1898964168974944
['butter milk'],yogurt,0.008540925266903915,0.3054545454545455,2.18961038961039
"['citrus fruit', 'other vegetables', 'root vegetables']",whole milk,0.005795627859684799,0.5588235294117647,2.1870391610683266
['whipped/sour cream'],root vegetables,0.01708185053380783,0.23829787234042554,2.186249603048587
"['berries', 'whole milk']",other vegetables,0.00498220640569395,0.4224137931034483,2.1831001866381574
"['rolls/buns', 'root vegetables']",sausage,0.00498220640569395,0.20502092050209206,2.1822302523139347
"['bottled water', 'other vegetables']",sausage,0.005083884087442806,0.20491803278688525,2.181135121708892
['meat'],sausage,0.0052872394509405184,0.2047244094488189,2.1790742066332616
"['curd', 'whole milk']",root vegetables,0.0062023385866802234,0.23735408560311283,2.1775908879725883
"['soda', 'yogurt']",sausage,0.005592272496187087,0.20446096654275092,2.176270136307311
"['long life bakery product', 'whole milk']",other vegetables,0.0056939501779359435,0.42105263157894735,2.1760654921591946
"['other vegetables', 'whole milk']",tropical fruit,0.01708185053380783,0.22826086956521738,2.1753349342770476
"['butter', 'citrus fruit']",whole milk,0.005083884087442806,0.5555555555555556,2.1742494583720204
"['tropical fruit', 'yogurt']",other vegetables,0.012302999491611592,0.4201388888888889,2.171343127809891
"['frankfurter', 'yogurt']",whole milk,0.0062023385866802234,0.5545454545454546,2.1702962775386174
['pork'],root vegetables,0.01362480935434672,0.23633156966490299,2.1682098765432096
"['root vegetables', 'whipped/sour cream']",whole milk,0.00945602440264362,0.5535714285714286,2.1664842817349776
"['sugar', 'whole milk']",other vegetables,0.00630401626842908,0.4189189189189189,2.1650381332462256
"['frankfurter', 'whole milk']",yogurt,0.0062023385866802234,0.30198019801980197,2.164704990907254
"['other vegetables', 'sausage']",yogurt,0.00813421453990849,0.3018867924528302,2.164035425490951
"['domestic eggs', 'other vegetables']",whole milk,0.012302999491611592,0.5525114155251142,2.1623357627097084
"['sausage', 'soda']",rolls/buns,0.009659379766141332,0.39748953974895396,2.1610335121232516
"['chicken', 'root vegetables']",whole milk,0.005998983223182512,0.5514018691588785,2.1579933876552206
['chicken'],other vegetables,0.017895271987798677,0.41706161137440756,2.1554392789633727
"['butter', 'whole milk']",other vegetables,0.011489578037620742,0.41697416974169743,2.154987367004516
"['citrus fruit', 'other vegetables', 'tropical fruit']",whole milk,0.00498220640569395,0.550561797752809,2.154705643015868
['soft cheese'],other vegetables,0.0071174377224199285,0.4166666666666667,2.153398143282536
"['other vegetables', 'whipped/sour cream', 'yogurt']",whole milk,0.005592272496187087,0.55,2.1525069637883005
"['brown bread', 'whole milk']",tropical fruit,0.0056939501779359435,0.22580645161290322,2.151944236059015
"['pork', 'rolls/buns']",whole milk,0.0062023385866802234,0.5495495495495496,2.150744058822053
['hamburger meat'],other vegetables,0.013828164717844434,0.41590214067278286,2.149446954028807
"['citrus fruit', 'domestic eggs']",whole milk,0.0056939501779359435,0.5490196078431373,2.148670052979409
"['other vegetables', 'pastry']",tropical fruit,0.005083884087442806,0.22522522522522523,2.1464051260562886
"['frankfurter', 'tropical fruit']",whole milk,0.005185561769191663,0.5483870967741935,2.1461946266510914
"['fruit/vegetable juice', 'whole milk']",tropical fruit,0.005998983223182512,0.22519083969465647,2.1460774306171966
"['butter', 'whole milk']",tropical fruit,0.0062023385866802234,0.22509225092250923,2.1451378757973627
"['sausage', 'yogurt']",other vegetables,0.00813421453990849,0.41450777202072536,2.142240639949466
"['chicken', 'rolls/buns']",whole milk,0.0052872394509405184,0.5473684210526316,2.1422078874065384
"['frozen vegetables', 'whole milk']",yogurt,0.006100660904931368,0.29850746268656714,2.139811148339933
['baking powder'],other vegetables,0.007320793085917641,0.41379310344827586,2.138547121604726
['butter'],root vegetables,0.012913065582104729,0.23302752293577983,2.137897097083391
"['root vegetables', 'yogurt']",sausage,0.005185561769191663,0.20078740157480315,2.137168933428776
"['other vegetables', 'whole milk']",yogurt,0.02226741230299949,0.297554347826087,2.132978870896184
"['root vegetables', 'whole milk']",yogurt,0.014539908490086425,0.2972972972972973,2.1311362382790953
"['frozen vegetables', 'other vegetables']",yogurt,0.0052872394509405184,0.29714285714285715,2.13002915451895
"['rolls/buns', 'root vegetables']",yogurt,0.007219115404168785,0.29707112970711297,2.1295149859106823
"['frozen vegetables', 'other vegetables']",whole milk,0.009659379766141332,0.5428571428571428,2.124552327894946
"['hygiene articles', 'other vegetables']",whole milk,0.005185561769191663,0.5425531914893617,2.123362768920761
"['fruit/vegetable juice', 'root vegetables']",whole milk,0.006507371631926792,0.5423728813559322,2.122657098342854
"['bottled water', 'rolls/buns']",tropical fruit,0.005388917132689374,0.22268907563025211,2.122235522115823
"['other vegetables', 'sausage']",tropical fruit,0.005998983223182512,0.22264150943396227,2.12178221442153
"['domestic eggs', 'whole milk']",other vegetables,0.012302999491611592,0.4101694915254237,2.119819731556775
"['domestic eggs', 'soda']",other vegetables,0.005083884087442806,0.4098360655737705,2.118096534376265
"['domestic eggs', 'yogurt']",whole milk,0.007727503812913066,0.5390070921985816,2.109484580888599
"['bottled water', 'rolls/buns']",yogurt,0.0071174377224199285,0.29411764705882354,2.108343337334934
"['cream cheese ', 'whole milk']",other vegetables,0.006710726995424504,0.4074074074074074,2.105544851209591
"['margarine', 'rolls/buns']",whole milk,0.007930859176410779,0.5379310344827586,2.10527326865815
"['other vegetables', 'soda']",tropical fruit,0.007219115404168785,0.2204968944099379,2.1013439501179643
"['other vegetables', 'pastry']",yogurt,0.0066090493136756485,0.2927927927927928,2.0988462952748663
"['sausage', 'whole milk']",yogurt,0.008744280630401627,0.2925170068027211,2.0968693599888932
"['frozen vegetables', 'root vegetables']",whole milk,0.0062023385866802234,0.5350877192982456,2.094145530958315
['hard cheese'],root vegetables,0.005592272496187087,0.22821576763485477,2.093751935344027
['sliced cheese'],root vegetables,0.005592272496187087,0.22821576763485477,2.093751935344027
"['rolls/buns', 'whipped/sour cream']",whole milk,0.007829181494661922,0.5347222222222222,2.0927151036830702
"['hygiene articles', 'whole milk']",other vegetables,0.005185561769191663,0.40476190476190477,2.0918724820458925
['grapes'],other vegetables,0.009049313675648195,0.40454545454545454,2.0907538336597717
"['domestic eggs', 'yogurt']",other vegetables,0.005795627859684799,0.40425531914893614,2.0892543688017797
"['bottled water', 'fruit/vegetable juice']",soda,0.005185561769191663,0.36428571428571427,2.089067055393586
"['brown bread', 'tropical fruit']",whole milk,0.0056939501779359435,0.5333333333333333,2.0872794800371404
"['long life bakery product', 'other vegetables']",whole milk,0.0056939501779359435,0.5333333333333333,2.0872794800371404
"['tropical fruit', 'whole milk']",other vegetables,0.01708185053380783,0.40384615384615385,2.087139738873843
"['sausage', 'shopping bags']",soda,0.0056939501779359435,0.36363636363636365,2.0853432282003714
"['cream cheese ', 'yogurt']",whole milk,0.0066090493136756485,0.5327868852459017,2.085140874012512
"['sausage', 'shopping bags']",rolls/buns,0.005998983223182512,0.38311688311688313,2.082893612744359
['whipped/sour cream'],other vegetables,0.02887646161667514,0.40283687943262414,2.081923651718265
"['pip fruit', 'yogurt']",whole milk,0.009557702084392475,0.5310734463276836,2.0784350754607113
"['margarine', 'whole milk']",yogurt,0.007015760040671073,0.28991596638655465,2.0782241468015776
"['newspapers', 'other vegetables']",yogurt,0.005592272496187087,0.2894736842105263,2.0750537056928033
['whipped/sour cream'],yogurt,0.02074224707676665,0.28936170212765955,2.0742509769865394
['domestic eggs'],root vegetables,0.014336553126588714,0.22596153846153846,2.0730706443742823
"['brown bread', 'whole milk']",root vegetables,0.0056939501779359435,0.22580645161290322,2.0716478093403947
"['margarine', 'other vegetables']",yogurt,0.0056939501779359435,0.28865979381443296,2.069219440353461
"['margarine', 'yogurt']",other vegetables,0.0056939501779359435,0.4,2.067262217551235
"['rolls/buns', 'whole milk']",root vegetables,0.012709710218607015,0.2244165170556553,2.058895937726091
"['beef', 'whole milk']",yogurt,0.006100660904931368,0.28708133971291866,2.0579045015135238
['sliced cheese'],tropical fruit,0.0052872394509405184,0.2157676348547718,2.0562739232525975
"['whole milk', 'yogurt']",other vegetables,0.02226741230299949,0.397459165154265,2.0541307878571704
"['whipped/sour cream', 'yogurt']",whole milk,0.010879511947127605,0.5245098039215687,2.052747282757114
"['rolls/buns', 'root vegetables']",whole milk,0.012709710218607015,0.5230125523012552,2.0468875654129906
['baking powder'],whole milk,0.009252669039145907,0.5229885057471264,2.0467934556398677
"['other vegetables', 'rolls/buns', 'yogurt']",whole milk,0.005998983223182512,0.5221238938053098,2.0434096679567135
"['beef', 'yogurt']",whole milk,0.006100660904931368,0.5217391304347826,2.041903839166767
"['coffee', 'yogurt']",whole milk,0.005083884087442806,0.5208333333333334,2.0383588672237694
"['fruit/vegetable juice', 'whole milk']",other vegetables,0.01047280122013218,0.3931297709923664,2.0317558054177214
"['pip fruit', 'sausage']",whole milk,0.005592272496187087,0.5188679245283019,2.030666946970095
"['other vegetables', 'sausage']",shopping bags,0.005388917132689374,0.2,2.029927760577915
"['pastry', 'root vegetables']",whole milk,0.0056939501779359435,0.5185185185185185,2.029299494480553
"['sausage', 'tropical fruit']",whole milk,0.007219115404168785,0.5182481751824818,2.0282414655470387
"['other vegetables', 'pip fruit']",whole milk,0.013523131672597865,0.5175097276264592,2.0253514409893456
"['tropical fruit', 'yogurt']",whole milk,0.015149974580579562,0.5173611111111112,2.0247698081089442
"['citrus fruit', 'root vegetables']",whole milk,0.009150991357397052,0.5172413793103449,2.024301219863606
"['pastry', 'yogurt']",whole milk,0.009150991357397052,0.5172413793103449,2.024301219863606
"['root vegetables', 'sausage']",whole milk,0.007727503812913066,0.5170068027210885,2.0233831694237585
"['brown bread', 'whole milk']",yogurt,0.0071174377224199285,0.28225806451612906,2.0233294930875574
"['bottled water', 'whole milk']",yogurt,0.009659379766141332,0.28106508875739644,2.0147778046129696
"['other vegetables', 'yogurt']",whole milk,0.02226741230299949,0.5128805620608899,2.0072345116867694
['yogurt'],tropical fruit,0.029283172343670564,0.2099125364431487,2.0004746084480303
['tropical fruit'],yogurt,0.029283172343670564,0.27906976744186046,2.0004746084480303
"['oil', 'other vegetables']",whole milk,0.005083884087442806,0.5102040816326531,1.9967597066681821
['hard cheese'],other vegetables,0.00945602440264362,0.38589211618257263,1.9943504795878098
['meat'],other vegetables,0.0099644128113879,0.3858267716535433,1.9940127688978446
"['rolls/buns', 'whole milk', 'yogurt']",other vegetables,0.005998983223182512,0.38562091503267976,1.9929488698614846
"['other vegetables', 'rolls/buns', 'root vegetables']",whole milk,0.0062023385866802234,0.5083333333333333,1.989438254410399
"['pastry', 'tropical fruit']",other vegetables,0.005083884087442806,0.38461538461538464,1.9877521322608025
"['pastry', 'tropical fruit']",whole milk,0.006710726995424504,0.5076923076923077,1.9869295050353544
"['brown bread', 'other vegetables']",yogurt,0.005185561769191663,0.27717391304347827,1.9868844276841169
"['other vegetables', 'whipped/sour cream']",whole milk,0.014641586171835282,0.5070422535211268,1.9843854211620697
"['pastry', 'rolls/buns']",yogurt,0.005795627859684799,0.2766990291262136,1.983480285318011
"['rolls/buns', 'tropical fruit']",bottled water,0.005388917132689374,0.2190082644628099,1.9815513164597383
"['fruit/vegetable juice', 'soda']",yogurt,0.005083884087442806,0.27624309392265195,1.9802119742924789
['UHT-milk'],bottled water,0.007320793085917641,0.2188449848024316,1.9800739885298204
['white bread'],tropical fruit,0.008744280630401627,0.20772946859903382,1.9796698872785832
"['shopping bags', 'whole milk']",root vegetables,0.0052872394509405184,0.2157676348547718,1.9795472843252615
"['fruit/vegetable juice', 'yogurt']",whole milk,0.00945602440264362,0.5054347826086957,1.978094344192806
"['margarine', 'whole milk']",other vegetables,0.009252669039145907,0.38235294117647056,1.9760594726592686
"['newspapers', 'root vegetables']",whole milk,0.005795627859684799,0.504424778761062,1.9741415436191978
['ham'],tropical fruit,0.005388917132689374,0.20703125,1.973015836967054
"['pastry', 'whole milk']",yogurt,0.009150991357397052,0.27522935779816515,1.972945141359296
"['rolls/buns', 'whole milk']",yogurt,0.015556685307574987,0.2746858168761221,1.9690488403619977
"['fruit/vegetable juice', 'whole milk']",bottled water,0.005795627859684799,0.21755725190839695,1.9684227898059652
['citrus fruit'],root vegetables,0.017691916624300967,0.21375921375921375,1.961121144889802
"['brown bread', 'other vegetables']",whole milk,0.009354346720894764,0.5,1.956824512534819
"['beef', 'rolls/buns']",whole milk,0.00681240467717336,0.5,1.9568245125348187
"['pork', 'root vegetables']",whole milk,0.00681240467717336,0.5,1.9568245125348187
"['frankfurter', 'root vegetables']",whole milk,0.005083884087442806,0.5,1.9568245125348187
"['frozen vegetables', 'rolls/buns']",whole milk,0.005083884087442806,0.5,1.9568245125348187
"['bottled water', 'whole milk']",root vegetables,0.007320793085917641,0.21301775147928995,1.9543186434690456
"['other vegetables', 'root vegetables']",yogurt,0.012913065582104729,0.27253218884120173,1.9536108434790225
"['curd', 'whole milk']",other vegetables,0.009862735129639044,0.377431906614786,1.9506268006076826
"['coffee', 'whole milk']",yogurt,0.005083884087442806,0.2717391304347826,1.947925909494232
"['fruit/vegetable juice', 'other vegetables']",whole milk,0.01047280122013218,0.4975845410628019,1.9473712540201578
"['domestic eggs', 'rolls/buns']",other vegetables,0.005897305541433655,0.37662337662337664,1.9464481918501886
['butter'],whole milk,0.02755465175394001,0.4972477064220184,1.9460530014566455
"['newspapers', 'whole milk']",root vegetables,0.005795627859684799,0.21189591078066913,1.944026382955113
['beef'],other vegetables,0.019725470259278087,0.375968992248062,1.943066231613079
"['bottled water', 'citrus fruit']",other vegetables,0.005083884087442806,0.37593984962406013,1.9429156179992808
['pork'],other vegetables,0.021657346212506354,0.37566137566137564,1.9414764212452074
['hygiene articles'],tropical fruit,0.006710726995424504,0.2037037037037037,1.9413041917886877
"['napkins', 'yogurt']",whole milk,0.006100660904931368,0.49586776859504134,1.9406524091254398
"['shopping bags', 'whole milk']",tropical fruit,0.00498220640569395,0.2033195020746888,1.9376427353726398
"['napkins', 'tropical fruit']",whole milk,0.00498220640569395,0.494949494949495,1.9370586083678003
"['other vegetables', 'rolls/buns']",yogurt,0.011489578037620742,0.26968973747016706,1.9332351078856365
"['pastry', 'yogurt']",other vegetables,0.0066090493136756485,0.3735632183908046,1.9306328181153773
"['margarine', 'yogurt']",whole milk,0.007015760040671073,0.4928571428571429,1.9288698766414645
"['bottled beer', 'whole milk']",other vegetables,0.007625826131164209,0.373134328358209,1.9284162477157043
"['butter', 'rolls/buns']",whole milk,0.0066090493136756485,0.49242424242424243,1.9271756562842912
"['rolls/buns', 'yogurt']",root vegetables,0.007219115404168785,0.21005917159763313,1.9271753289764202
"['frozen vegetables', 'yogurt']",whole milk,0.006100660904931368,0.4918032786885246,1.9247454221653957
['berries'],tropical fruit,0.006710726995424504,0.2018348623853211,1.9234940615887914
"['pastry', 'whole milk']",tropical fruit,0.006710726995424504,0.2018348623853211,1.9234940615887914
['curd'],whole milk,0.026131164209456024,0.4904580152671756,1.9194805332879712
"['frankfurter', 'whole milk']",other vegetables,0.007625826131164209,0.3712871287128713,1.9188696326280026
"['brown bread', 'whole milk']",other vegetables,0.009354346720894764,0.3709677419354839,1.9172189920838065
['butter milk'],other vegetables,0.010371123538383325,0.3709090909090909,1.9169158744565997
"['brown bread', 'yogurt']",whole milk,0.0071174377224199285,0.48951048951048953,1.9157722500340884
"['other vegetables', 'root vegetables']",whole milk,0.023182511438739197,0.4892703862660944,1.9148325702057456
"['cream cheese ', 'other vegetables']",whole milk,0.006710726995424504,0.4888888888888889,1.9133395233673784
['frozen vegetables'],other vegetables,0.017793594306049824,0.3699788583509514,1.912108287904155
['cat food'],yogurt,0.0062023385866802234,0.2663755458515284,1.9094777649050882
['sliced cheese'],other vegetables,0.009049313675648195,0.36929460580912865,1.908571964336721
['dessert'],yogurt,0.009862735129639044,0.26575342465753427,1.9050181716522223
['flour'],whole milk,0.008439247585155059,0.4853801169590643,1.8996074215250287
"['bottled water', 'margarine']",whole milk,0.00498220640569395,0.48514851485148514,1.8987010121624974
"['berries', 'other vegetables']",whole milk,0.00498220640569395,0.48514851485148514,1.8987010121624974
['butter'],yogurt,0.014641586171835282,0.26422018348623855,1.894027335704924
"['citrus fruit', 'other vegetables']",yogurt,0.007625826131164209,0.2640845070422535,1.8930547571141132
"['margarine', 'whole milk']",root vegetables,0.00498220640569395,0.20588235294117646,1.888855355575066
['pip fruit'],root vegetables,0.015556685307574987,0.2056451612903226,1.8866792549350022
"['pip fruit', 'rolls/buns']",other vegetables,0.005083884087442806,0.36496350364963503,1.8861881547000316
"['beef', 'other vegetables']",yogurt,0.005185561769191663,0.26288659793814434,1.8844677046076164
"['newspapers', 'yogurt']",other vegetables,0.005592272496187087,0.36423841059602646,1.8824407610151972
"['dessert', 'whole milk']",other vegetables,0.00498220640569395,0.362962962962963,1.8758490492594537
['citrus fruit'],yogurt,0.021657346212506354,0.2616707616707617,1.8757521436092863
"['soda', 'whole milk']",yogurt,0.01047280122013218,0.2614213197969543,1.8739640526261263
['hard cheese'],yogurt,0.006405693950177936,0.26141078838174275,1.8738885595732067
['flour'],other vegetables,0.00630401626842908,0.36257309941520466,1.8738341738037512
"['rolls/buns', 'yogurt']",bottled water,0.0071174377224199285,0.20710059171597633,1.8738126214596387
['curd'],root vegetables,0.010879511947127605,0.20419847328244276,1.8734067021761422
['butter'],other vegetables,0.020030503304524657,0.3614678899082569,1.868122279163272
"['coffee', 'other vegetables']",whole milk,0.006405693950177936,0.4772727272727273,1.867877943783236
"['domestic eggs', 'other vegetables']",yogurt,0.005795627859684799,0.2602739726027397,1.8657394464635169
"['pastry', 'pip fruit']",whole milk,0.005083884087442806,0.47619047619047616,1.8636423928903036
"['soda', 'whole milk']",root vegetables,0.00813421453990849,0.20304568527918782,1.862830517463444
"['margarine', 'whole milk']",bottled water,0.00498220640569395,0.20588235294117646,1.8627901942745821
"['other vegetables', 'tropical fruit']",whole milk,0.01708185053380783,0.47592067988668557,1.862586504849006
['herbs'],whole milk,0.007727503812913066,0.475,1.858983286908078
"['citrus fruit', 'yogurt']",whole milk,0.010269445856634469,0.47417840375586856,1.855767847568232
['fruit/vegetable juice'],yogurt,0.018708693441789527,0.2587904360056259,1.8551049111627773
"['soda', 'whipped/sour cream']",whole milk,0.005490594814438231,0.47368421052631576,1.8538337487171967
"['bottled water', 'yogurt']",soda,0.007422470767666497,0.3230088495575221,1.852356871952321
"['rolls/buns', 'shopping bags']",soda,0.00630401626842908,0.3229166666666667,1.8518282312925172
['domestic eggs'],whole milk,0.029994916115912557,0.47275641025641024,1.8502026640954214
['pickled vegetables'],other vegetables,0.006405693950177936,0.35795454545454547,1.84996476854727
"['bottled beer', 'bottled water']",soda,0.005083884087442806,0.3225806451612903,1.8499012508229098
['frozen vegetables'],yogurt,0.012404677173360447,0.25792811839323465,1.8489235017474217
['ham'],yogurt,0.006710726995424504,0.2578125,1.848094706632653
"['citrus fruit', 'rolls/buns']",other vegetables,0.005998983223182512,0.3575757575757576,1.8480071338715587
"['newspapers', 'rolls/buns']",yogurt,0.005083884087442806,0.25773195876288657,1.8475173574584471
"['domestic eggs', 'whole milk']",yogurt,0.007727503812913066,0.2576271186440678,1.8467658249740575
"['napkins', 'other vegetables']",whole milk,0.00681240467717336,0.47183098591549294,1.8465808780258148
"['bottled beer', 'other vegetables']",whole milk,0.007625826131164209,0.4716981132075472,1.8460608608819042
"['frankfurter', 'other vegetables']",rolls/buns,0.005592272496187087,0.3395061728395062,1.8457950303352915
"['chicken', 'other vegetables']",whole milk,0.008439247585155059,0.4715909090909091,1.8456413015953406
"['brown bread', 'yogurt']",other vegetables,0.005185561769191663,0.35664335664335667,1.8431883408236536
['tropical fruit'],root vegetables,0.021047280122013217,0.2005813953488372,1.8402220366192295
"['other vegetables', 'pork']",whole milk,0.010167768174885612,0.4694835680751174,1.837393908483398
"['bottled water', 'soda']",yogurt,0.007422470767666497,0.256140350877193,1.8361081274615105
"['beef', 'other vegetables']",whole milk,0.009252669039145907,0.4690721649484536,1.8357838210378197
"['margarine', 'other vegetables']",whole milk,0.009252669039145907,0.4690721649484536,1.8357838210378197
['oil'],other vegetables,0.0099644128113879,0.35507246376811596,1.8350697221016394
"['other vegetables', 'pastry']",whole milk,0.010574478901881037,0.46846846846846846,1.8334211648974879
"['bottled water', 'root vegetables']",whole milk,0.007320793085917641,0.4675324675324675,1.8297579857468433
['processed cheese'],soda,0.0052872394509405184,0.31901840490797545,1.8294728934518596
"['bottled water', 'yogurt']",other vegetables,0.00813421453990849,0.35398230088495575,1.8294355907533053
"['shopping bags', 'yogurt']",other vegetables,0.005388917132689374,0.35333333333333333,1.8260816255035905
"['other vegetables', 'soda']",yogurt,0.008337569903406202,0.2546583850931677,1.8254848523260234
"['curd', 'yogurt']",other vegetables,0.006100660904931368,0.35294117647058826,1.824054897839325
['detergent'],whole milk,0.008947635993899338,0.4656084656084656,1.8222281174927413
"['citrus fruit', 'yogurt']",other vegetables,0.007625826131164209,0.352112676056338,1.8197730788303126
"['bottled beer', 'whole milk']",yogurt,0.005185561769191663,0.2537313432835821,1.818839476088943
"['margarine', 'rolls/buns']",other vegetables,0.005185561769191663,0.35172413793103446,1.8177650533640168
"['onions', 'other vegetables']",whole milk,0.0066090493136756485,0.4642857142857143,1.8170513330680462
['ham'],other vegetables,0.009150991357397052,0.3515625,1.8169296833946402
['domestic eggs'],other vegetables,0.02226741230299949,0.35096153846153844,1.8138238206879824
"['root vegetables', 'sausage']",rolls/buns,0.00498220640569395,0.3333333333333333,1.812235120692832
"['frankfurter', 'other vegetables']",whole milk,0.007625826131164209,0.46296296296296297,1.8118745486433505
"['rolls/buns', 'sausage']",soda,0.009659379766141332,0.31561461794019935,1.8099532171672654
"['beef', 'root vegetables']",whole milk,0.008032536858159633,0.4619883040935672,1.8080600759093646
['citrus fruit'],other vegetables,0.02887646161667514,0.3488943488943489,1.803140263466065
"['newspapers', 'yogurt']",rolls/buns,0.005083884087442806,0.33112582781456956,1.800233563602151
"['soda', 'whole milk']",other vegetables,0.013929842399593289,0.3477157360406091,1.7970490089119235
"['soda', 'tropical fruit']",other vegetables,0.007219115404168785,0.3463414634146341,1.7899465542211912
['cream cheese '],other vegetables,0.013726487036095577,0.34615384615384615,1.7889769190347227
['pip fruit'],other vegetables,0.026131164209456024,0.34543010752688175,1.7852365252374574
"['other vegetables', 'sausage']",rolls/buns,0.008845958312150484,0.3283018867924528,1.7848806283050156
"['napkins', 'whole milk']",other vegetables,0.00681240467717336,0.34536082474226804,1.784878461030061
"['white bread', 'whole milk']",other vegetables,0.005897305541433655,0.34523809523809523,1.7842441758626728
"['hamburger meat', 'other vegetables']",whole milk,0.00630401626842908,0.45588235294117646,1.7841635261346878
"['pastry', 'sausage']",whole milk,0.0056939501779359435,0.45528455284552843,1.7818239463731684
"['margarine', 'whole milk']",rolls/buns,0.007930859176410779,0.3277310924369748,1.781777387571944
"['pastry', 'yogurt']",rolls/buns,0.005795627859684799,0.3275862068965517,1.7809896875774383
"['sausage', 'shopping bags']",other vegetables,0.005388917132689374,0.34415584415584416,1.7786509339320689
"['citrus fruit', 'tropical fruit']",whole milk,0.009049313675648195,0.45408163265306123,1.7771161389346823
['frankfurter'],rolls/buns,0.019217081850533807,0.3258620689655172,1.7716160576428202
"['rolls/buns', 'yogurt']",whole milk,0.015556685307574987,0.4526627218934911,1.7715630202238304
['sausage'],rolls/buns,0.030604982206405694,0.32575757575757575,1.771047958858904
"['napkins', 'rolls/buns']",whole milk,0.0052872394509405184,0.45217391304347826,1.7696499939445316
"['coffee', 'whole milk']",other vegetables,0.006405693950177936,0.3423913043478261,1.7695315177408668
['tropical fruit'],other vegetables,0.035892221657346214,0.34205426356589147,1.7677896385551983
"['citrus fruit', 'other vegetables']",whole milk,0.013014743263853584,0.4507042253521127,1.763898152144062
['dishes'],other vegetables,0.005998983223182512,0.34104046242774566,1.7625501565827002
['whipped/sour cream'],whole milk,0.032231825114387394,0.44964539007092197,1.7597542424781207
"['margarine', 'root vegetables']",whole milk,0.00498220640569395,0.44954128440366975,1.7593468094349745
"['newspapers', 'soda']",other vegetables,0.00498220640569395,0.3402777777777778,1.7586084836807379
"['sausage', 'whole milk']",other vegetables,0.010167768174885612,0.3401360544217687,1.7578760353326826
['root vegetables'],whole milk,0.048906964921199794,0.44869402985074625,1.75603095247994
"['chocolate', 'whole milk']",soda,0.005083884087442806,0.3048780487804878,1.7483822797411648
"['rolls/buns', 'tropical fruit']",whole milk,0.010981189628876462,0.4462809917355372,1.746587168212896
['canned fish'],other vegetables,0.005083884087442806,0.33783783783783783,1.7459984945534077
"['sausage', 'yogurt']",whole milk,0.008744280630401627,0.44559585492227977,1.7439057831916518
"['beef', 'whole milk']",rolls/buns,0.00681240467717336,0.32057416267942584,1.7428672691830587
"['pip fruit', 'rolls/buns']",whole milk,0.0062023385866802234,0.44525547445255476,1.7425736534981597
['margarine'],yogurt,0.014234875444839857,0.24305555555555555,1.742311507936508
['margarine'],other vegetables,0.019725470259278087,0.3368055555555556,1.7406634991533834
['sugar'],whole milk,0.015048296898830707,0.4444444444444444,1.7393995666976168
['hamburger meat'],whole milk,0.014743263853584139,0.4434250764525994,1.735410118150145
"['bottled water', 'tropical fruit']",other vegetables,0.0062023385866802234,0.33516483516483514,1.7321840009701281
"['newspapers', 'whole milk']",yogurt,0.0066090493136756485,0.241635687732342,1.732133373795615
"['rolls/buns', 'yogurt']",other vegetables,0.011489578037620742,0.3343195266272189,1.7278153149651596
"['citrus fruit', 'sausage']",whole milk,0.00498220640569395,0.44144144144144143,1.7276468669226328
['ham'],whole milk,0.011489578037620742,0.44140625,1.727509139972145
['soft cheese'],whole milk,0.0075241484494153535,0.44047619047619047,1.7238692134235305
['detergent'],other vegetables,0.006405693950177936,0.3333333333333333,1.7227185146260293
['sliced cheese'],whole milk,0.010777834265378749,0.43983402489626555,1.7213560027277242
"['soda', 'yogurt']",rolls/buns,0.00864260294865277,0.3159851301115242,1.7179180512143946
['soft cheese'],rolls/buns,0.005388917132689374,0.31547619047619047,1.7151510963700016
['processed cheese'],other vegetables,0.005490594814438231,0.3312883435582822,1.7121496893829249
"['root vegetables', 'soda']",whole milk,0.00813421453990849,0.4371584699453552,1.710884819702574
"['fruit/vegetable juice', 'tropical fruit']",whole milk,0.005998983223182512,0.43703703703703706,1.7104095739193232
"['bottled water', 'citrus fruit']",whole milk,0.005897305541433655,0.43609022556390975,1.7067040861205938
['pip fruit'],yogurt,0.017996949669547534,0.23790322580645162,1.7053777156023697
"['chocolate', 'whole milk']",other vegetables,0.005490594814438231,0.32926829268292684,1.701709752252541
"['sausage', 'whole milk']",rolls/buns,0.009354346720894764,0.3129251700680272,1.7012819500381688
"['bottled water', 'other vegetables']",whole milk,0.010777834265378749,0.4344262295081967,1.7001917895794327
"['bottled water', 'tropical fruit']",whole milk,0.008032536858159633,0.4340659340659341,1.6987817196730843
['root vegetables'],yogurt,0.025826131164209457,0.23694029850746268,1.6984750989948219
"['pastry', 'soda']",yogurt,0.00498220640569395,0.23671497584541062,1.6968599033816423
['sliced cheese'],rolls/buns,0.007625826131164209,0.3112033195020747,1.691920755833557
['mustard'],whole milk,0.005185561769191663,0.4322033898305085,1.691492375241962
"['chocolate', 'other vegetables']",whole milk,0.005490594814438231,0.432,1.6906963788300835
"['newspapers', 'other vegetables']",whole milk,0.008337569903406202,0.43157894736842106,1.6890485266090014
"['newspapers', 'tropical fruit']",whole milk,0.005083884087442806,0.43103448275862066,1.6869176832196713
['white bread'],other vegetables,0.013726487036095577,0.32608695652173914,1.685268112134159
"['newspapers', 'yogurt']",whole milk,0.0066090493136756485,0.4304635761589404,1.6846833551624267
['napkins'],yogurt,0.012302999491611592,0.23495145631067962,1.684218347533188
"['citrus fruit', 'rolls/buns']",whole milk,0.007219115404168785,0.4303030303030303,1.6840550350299655
"['bottled water', 'yogurt']",rolls/buns,0.0071174377224199285,0.30973451327433627,1.683935289139357
"['dessert', 'other vegetables']",whole milk,0.00498220640569395,0.4298245614035088,1.6821824756878265
"['other vegetables', 'white bread']",whole milk,0.005897305541433655,0.42962962962962964,1.6814195811410295
['long life bakery product'],yogurt,0.008744280630401627,0.23369565217391305,1.6752162821650396
['onions'],yogurt,0.007219115404168785,0.23278688524590163,1.668701906992305
['frozen fish'],whole milk,0.00498220640569395,0.4260869565217391,1.6675548019861932
['curd'],other vegetables,0.017183528215556684,0.32251908396946566,1.666828791823276
"['other vegetables', 'shopping bags']",yogurt,0.005388917132689374,0.2324561403508772,1.666331006086645
"['other vegetables', 'soda']",whole milk,0.013929842399593289,0.4254658385093168,1.6651239640824234
['frozen vegetables'],whole milk,0.02043721403152008,0.4249471458773784,1.663093983169127
"['sausage', 'yogurt']",rolls/buns,0.005998983223182512,0.30569948186528495,1.6619980122416127
['candy'],soda,0.00864260294865277,0.2891156462585034,1.657989726502846
['processed cheese'],whole milk,0.007015760040671073,0.4233128834355828,1.6566980535570859
['cake bar'],whole milk,0.005592272496187087,0.4230769230769231,1.6557745875294618
"['chocolate', 'rolls/buns']",whole milk,0.00498220640569395,0.4224137931034483,1.653179329555278
"['domestic eggs', 'rolls/buns']",whole milk,0.0066090493136756485,0.42207792207792205,1.6518648482436782
"['sausage', 'soda']",yogurt,0.005592272496187087,0.2301255230125523,1.6496242848603875
['sugar'],other vegetables,0.010777834265378749,0.3183183183183183,1.6451185815347664
"['bottled water', 'yogurt']",whole milk,0.009659379766141332,0.42035398230088494,1.645117953015998
"['rolls/buns', 'tropical fruit']",other vegetables,0.007829181494661922,0.3181818181818182,1.644413127597573
"['other vegetables', 'rolls/buns']",whole milk,0.017895271987798677,0.4200477326968974,1.6439193995519241
"['pastry', 'whole milk']",other vegetables,0.010574478901881037,0.3180428134556575,1.6436947295514404
"['brown bread', 'rolls/buns']",whole milk,0.0052872394509405184,0.41935483870967744,1.641207655674364
"['other vegetables', 'soda']",rolls/buns,0.009862735129639044,0.30124223602484473,1.637765279880789
"['domestic eggs', 'soda']",whole milk,0.005185561769191663,0.4180327868852459,1.6360336088405862
"['sausage', 'yogurt']",soda,0.005592272496187087,0.2849740932642487,1.6342391879031404
"['chicken', 'whole milk']",rolls/buns,0.0052872394509405184,0.30057803468208094,1.6341542128790854
"['rolls/buns', 'whole milk']",other vegetables,0.017895271987798677,0.31597845601436264,1.6330258091966667
['cream cheese '],whole milk,0.016471784443314694,0.4153846153846154,1.6256695950289264
"['chocolate', 'whole milk']",rolls/buns,0.00498220640569395,0.29878048780487804,1.6243814801332093
"['tropical fruit', 'yogurt']",rolls/buns,0.008744280630401627,0.2986111111111111,1.6234606289539955
['butter milk'],whole milk,0.011591255719369599,0.41454545454545455,1.622385414028868
"['bottled water', 'whole milk']",other vegetables,0.010777834265378749,0.3136094674556213,1.620782507843424
['domestic eggs'],yogurt,0.014336553126588714,0.22596153846153846,1.6197753139717423
['margarine'],whole milk,0.024199288256227757,0.4131944444444444,1.6170980346641903
"['rolls/buns', 'soda']",yogurt,0.00864260294865277,0.22546419098143236,1.6162101445352672
"['pip fruit', 'tropical fruit']",whole milk,0.008439247585155059,0.4129353233830846,1.6160839257750246
"['root vegetables', 'shopping bags']",whole milk,0.0052872394509405184,0.4126984126984127,1.6151567405049299
"['pastry', 'yogurt']",soda,0.00498220640569395,0.28160919540229884,1.6149425287356323
"['bottled water', 'rolls/buns']",soda,0.00681240467717336,0.2815126050420168,1.6143886125878923
['dessert'],other vegetables,0.011591255719369599,0.31232876712328766,1.6141636493208273
['yogurt'],other vegetables,0.04341637010676157,0.3112244897959184,1.6084565723294046
['other vegetables'],yogurt,0.04341637010676157,0.22438255386232264,1.6084565723294046
"['shopping bags', 'whole milk']",other vegetables,0.007625826131164209,0.3112033195020747,1.608347160957911
['hard cheese'],whole milk,0.010066090493136757,0.4107883817427386,1.6076815497174028
"['bottled water', 'tropical fruit']",soda,0.005185561769191663,0.2802197802197802,1.6069746579950666
['brown bread'],yogurt,0.014539908490086425,0.22413793103448276,1.606703026038001
['chicken'],whole milk,0.01759023894255211,0.4099526066350711,1.6044106192821026
"['bottled water', 'other vegetables']",rolls/buns,0.007320793085917641,0.29508196721311475,1.604273713400212
['beef'],yogurt,0.011692933401118455,0.22286821705426357,1.5976012498022465
"['beef', 'other vegetables']",rolls/buns,0.005795627859684799,0.29381443298969073,1.5973825032911046
['berries'],other vegetables,0.010269445856634469,0.308868501529052,1.5962804585066874
"['pastry', 'rolls/buns']",whole milk,0.008540925266903915,0.4077669902912621,1.5958568840089788
"['shopping bags', 'whole milk']",soda,0.00681240467717336,0.27800829875518673,1.5942924887797443
"['bottled water', 'fruit/vegetable juice']",whole milk,0.005795627859684799,0.40714285714285714,1.5934142459212097
['hygiene articles'],yogurt,0.007320793085917641,0.2222222222222222,1.5929705215419496
['UHT-milk'],yogurt,0.007422470767666497,0.22188449848024316,1.5905495936976612
['white bread'],whole milk,0.01708185053380783,0.4057971014492754,1.5881474304630416
"['frankfurter', 'whole milk']",rolls/buns,0.005998983223182512,0.29207920792079206,1.5879485958546105
['pasta'],whole milk,0.006100660904931368,0.40540540540540543,1.586614469622826
['beef'],whole milk,0.02125063548551093,0.4050387596899225,1.5851795469758803
"['bottled water', 'tropical fruit']",rolls/buns,0.005388917132689374,0.29120879120879123,1.5832163966492323
"['brown bread', 'soda']",whole milk,0.005083884087442806,0.4032258064516129,1.578084284302273
['tropical fruit'],whole milk,0.04229791560752415,0.40310077519379844,1.5775949558420244
"['soda', 'yogurt']",other vegetables,0.008337569903406202,0.3048327137546468,1.57542287954648
"['newspapers', 'whole milk']",other vegetables,0.008337569903406202,0.3048327137546468,1.57542287954648
['semi-finished bread'],whole milk,0.0071174377224199285,0.40229885057471265,1.5744565043383598
['oil'],whole milk,0.01128622267412303,0.40217391304347827,1.57396754269105
['yogurt'],whole milk,0.05602440264361973,0.40160349854227406,1.5717351405345263
['whole milk'],yogurt,0.05602440264361973,0.2192598487863112,1.5717351405345263
['frozen meals'],yogurt,0.0062023385866802234,0.21863799283154123,1.5672774486138537
['pot plants'],whole milk,0.006914082358922217,0.4,1.5654596100278553
"['bottled water', 'rolls/buns']",other vegetables,0.007320793085917641,0.3025210084033613,1.5634756267194214
['chocolate'],soda,0.013523131672597865,0.2725409836065574,1.5629391100702579
"['fruit/vegetable juice', 'yogurt']",soda,0.005083884087442806,0.2717391304347826,1.5583407275953858
"['beef', 'root vegetables']",rolls/buns,0.00498220640569395,0.28654970760233917,1.5578863318236627
['pip fruit'],whole milk,0.030096593797661414,0.3978494623655914,1.5570431605115762
['pickled vegetables'],whole milk,0.0071174377224199285,0.3977272727272727,1.5565649531526968
"['bottled beer', 'rolls/buns']",whole milk,0.005388917132689374,0.39552238805970147,1.5479358084230654
"['shopping bags', 'whole milk']",yogurt,0.0052872394509405184,0.2157676348547718,1.5467016682191546
"['butter', 'other vegetables']",rolls/buns,0.0056939501779359435,0.28426395939086296,1.5454593922659685
"['newspapers', 'other vegetables']",rolls/buns,0.005490594814438231,0.28421052631578947,1.5451688923802043
['white bread'],yogurt,0.009049313675648195,0.21497584541062803,1.5410258306221039
"['other vegetables', 'sausage']",soda,0.007219115404168785,0.2679245283018868,1.5364651520985753
"['sausage', 'soda']",other vegetables,0.007219115404168785,0.29707112970711297,1.535309805921942
"['pastry', 'soda']",whole milk,0.008235892221657347,0.391304347826087,1.5314278793750757
['onions'],whole milk,0.012099644128113879,0.3901639344262295,1.5269647015845473
['dessert'],soda,0.009862735129639044,0.26575342465753427,1.524014537321778
"['root vegetables', 'tropical fruit']",rolls/buns,0.005897305541433655,0.28019323671497587,1.5233280724664386
['hygiene articles'],whole milk,0.012811387900355872,0.3888888888888889,1.5219746208604144
['brown bread'],whole milk,0.02521606507371632,0.3887147335423197,1.5212930379581038
"['pork', 'whole milk']",rolls/buns,0.0062023385866802234,0.2798165137614679,1.5212799407650837
"['root vegetables', 'yogurt']",rolls/buns,0.007219115404168785,0.2795275590551181,1.519708979163674
"['newspapers', 'whole milk']",rolls/buns,0.007625826131164209,0.2788104089219331,1.5158100451891716
"['bottled beer', 'bottled water']",whole milk,0.006100660904931368,0.3870967741935484,1.5149609129301824
['semi-finished bread'],other vegetables,0.005185561769191663,0.29310344827586204,1.5148042111366806
['whole milk'],other vegetables,0.07483477376715811,0.29287703939514526,1.5136340948246207
['other vegetables'],whole milk,0.07483477376715811,0.38675775091960063,1.5136340948246207
"['chicken', 'other vegetables']",rolls/buns,0.00498220640569395,0.2784090909090909,1.5136281973968542
['specialty bar'],soda,0.007219115404168785,0.26394052044609667,1.5136180866398607
"['newspapers', 'rolls/buns']",whole milk,0.007625826131164209,0.3865979381443299,1.5130086437124888
['beverages'],yogurt,0.005490594814438231,0.2109375,1.5120774872448979
['meat'],whole milk,0.0099644128113879,0.3858267716535433,1.5099905687276554
"['whole milk', 'yogurt']",rolls/buns,0.015556685307574987,0.2776769509981851,1.5096477684174407
"['pastry', 'rolls/buns']",other vegetables,0.006100660904931368,0.2912621359223301,1.5052880224887635
"['fruit/vegetable juice', 'rolls/buns']",whole milk,0.005592272496187087,0.38461538461538464,1.5052496250267837
['pork'],whole milk,0.022165734621250637,0.3844797178130511,1.504718672778097
['fruit/vegetable juice'],other vegetables,0.021047280122013217,0.2911392405063291,1.5046528798632406
"['frankfurter', 'rolls/buns']",other vegetables,0.005592272496187087,0.291005291005291,1.5039606080068508
['bottled water'],soda,0.028978139298423997,0.2621895124195032,1.5035765916302126
['hygiene articles'],other vegetables,0.009557702084392475,0.29012345679012347,1.499403151618951
"['soda', 'yogurt']",whole milk,0.01047280122013218,0.3828996282527881,1.4985347568110507
['sausage'],yogurt,0.019623792577529234,0.20887445887445888,1.4972888506051771
"['rolls/buns', 'sausage']",other vegetables,0.008845958312150484,0.28903654485049834,1.4937858216524706
['brown bread'],other vegetables,0.018708693441789527,0.2884012539184953,1.4905025393002633
['bottled water'],yogurt,0.022979156075241484,0.20791168353265868,1.4903873232825788
['cat food'],whole milk,0.008845958312150484,0.3799126637554585,1.4868448261181593
['sausage'],soda,0.024300965937976614,0.25865800865800864,1.483324498630621
['butter milk'],rolls/buns,0.007625826131164209,0.2727272727272727,1.4827378260214081
['sausage'],other vegetables,0.026944585663446874,0.28679653679653677,1.4822091116100575
['misc. beverages'],soda,0.007320793085917641,0.25806451612903225,1.4799210006583279
"['newspapers', 'other vegetables']",soda,0.00498220640569395,0.2578947368421053,1.4789473684210526
"['other vegetables', 'sausage']",whole milk,0.010167768174885612,0.37735849056603776,1.4768486887055234
"['pastry', 'rolls/buns']",soda,0.005388917132689374,0.25728155339805825,1.4754309490786608
['long life bakery product'],other vegetables,0.010676156583629894,0.28532608695652173,1.474609598117389
['napkins'],whole milk,0.019725470259278087,0.3766990291262136,1.4742677880844848
['salty snack'],other vegetables,0.010777834265378749,0.2849462365591398,1.472646472180315
"['chocolate', 'soda']",whole milk,0.005083884087442806,0.37593984962406013,1.471296625966029
"['soda', 'tropical fruit']",whole milk,0.007829181494661922,0.375609756097561,1.4700047557578637
"['other vegetables', 'pastry']",rolls/buns,0.006100660904931368,0.2702702702702703,1.4693798275887826
['chewing gum'],soda,0.005388917132689374,0.2560386473429952,1.4683032633343194
"['citrus fruit', 'pip fruit']",whole milk,0.005185561769191663,0.375,1.4676183844011141
['meat'],yogurt,0.0052872394509405184,0.2047244094488189,1.4675397718142373
"['other vegetables', 'whole milk', 'yogurt']",rolls/buns,0.005998983223182512,0.2694063926940639,1.4646831797380426
"['pip fruit', 'soda']",whole milk,0.00498220640569395,0.37404580152671757,1.4638839864764295
['sugar'],yogurt,0.006914082358922217,0.2042042042042042,1.4638107495250352
['pastry'],whole milk,0.033248601931875954,0.3737142857142857,1.4625865499403101
['fruit/vegetable juice'],soda,0.01840366039654296,0.2545710267229255,1.4598869083498383
"['napkins', 'whole milk']",rolls/buns,0.0052872394509405184,0.26804123711340205,1.4572612310725865
['meat'],rolls/buns,0.006914082358922217,0.2677165354330709,1.455495923706054
"['citrus fruit', 'yogurt']",rolls/buns,0.005795627859684799,0.2676056338028169,1.4548929842181892
"['other vegetables', 'root vegetables', 'whole milk']",rolls/buns,0.0062023385866802234,0.2675438596491228,1.4545571363455625
['dessert'],whole milk,0.013726487036095577,0.3698630136986301,1.447514022970962
['cat food'],other vegetables,0.006507371631926792,0.2794759825327511,1.444375348507413
['ham'],rolls/buns,0.006914082358922217,0.265625,1.4441248618021005
['frankfurter'],other vegetables,0.016471784443314694,0.2793103448275862,1.44351930708319
['citrus fruit'],whole milk,0.030503304524656837,0.36855036855036855,1.4423767905662055
['fruit/vegetable juice'],whole milk,0.026639552618200304,0.36849507735583686,1.4421604002366317
"['rolls/buns', 'yogurt']",soda,0.00864260294865277,0.2514792899408284,1.4421567443545467
"['shopping bags', 'tropical fruit']",whole milk,0.00498220640569395,0.3684210526315789,1.4418706934467085
"['domestic eggs', 'other vegetables']",rolls/buns,0.005897305541433655,0.2648401826484018,1.4398580410984145
"['other vegetables', 'yogurt']",rolls/buns,0.011489578037620742,0.2646370023419204,1.4387534096366978
"['newspapers', 'rolls/buns']",other vegetables,0.005490594814438231,0.27835051546391754,1.4385587596361686
"['bottled beer', 'whole milk']",rolls/buns,0.005388917132689374,0.263681592039801,1.4335591253241806
['shopping bags'],soda,0.024605998983223184,0.24974200206398348,1.4321939302036606
"['margarine', 'other vegetables']",rolls/buns,0.005185561769191663,0.26288659793814434,1.429236976628883
['waffles'],soda,0.009557702084392475,0.24867724867724866,1.4260878954756506
['napkins'],other vegetables,0.01443823080833757,0.2757281553398058,1.4250059946226958
"['pastry', 'whole milk']",soda,0.008235892221657347,0.24770642201834864,1.4205205017786933
['salty snack'],soda,0.009354346720894764,0.24731182795698925,1.4182576256308974
['long life bakery product'],whole milk,0.013523131672597865,0.36141304347826086,1.4144438052561463
"['bottled water', 'rolls/buns']",whole milk,0.008744280630401627,0.36134453781512604,1.414175698134407
['hamburger meat'],rolls/buns,0.00864260294865277,0.2599388379204893,1.413210873934777
"['root vegetables', 'whole milk']",rolls/buns,0.012709710218607015,0.2598752598752599,1.412865218835368
['beef'],rolls/buns,0.01362480935434672,0.2596899224806202,1.4118575940281364
"['tropical fruit', 'whole milk']",rolls/buns,0.010981189628876462,0.25961538461538464,1.4114523536165327
"['soda', 'tropical fruit']",rolls/buns,0.005388917132689374,0.25853658536585367,1.4055872399520013
"['other vegetables', 'pork']",rolls/buns,0.005592272496187087,0.25821596244131456,1.4038441075789545
"['other vegetables', 'root vegetables']",rolls/buns,0.012201321809862735,0.2575107296137339,1.4000099644837327
"['rolls/buns', 'shopping bags']",other vegetables,0.0052872394509405184,0.2708333333333333,1.3997087931336485
['white bread'],soda,0.010269445856634469,0.24396135265700483,1.399043675441191
['ice cream'],soda,0.006100660904931368,0.24390243902439024,1.398705823792932
"['pastry', 'whole milk']",rolls/buns,0.008540925266903915,0.25688073394495414,1.3965848636531917
"['other vegetables', 'pastry']",soda,0.005490594814438231,0.24324324324324326,1.3949255377826806
"['shopping bags', 'soda']",rolls/buns,0.00630401626842908,0.256198347107438,1.3928749274746561
"['pastry', 'soda']",rolls/buns,0.005388917132689374,0.2560386473429952,1.3920066869089869
['berries'],whole milk,0.01179461108286731,0.3547400611620795,1.388328094520116
"['bottled water', 'whole milk']",rolls/buns,0.008744280630401627,0.25443786982248523,1.3833037311797358
['frozen meals'],other vegetables,0.0075241484494153535,0.26523297491039427,1.3707652697024317
['margarine'],rolls/buns,0.014743263853584139,0.2517361111111111,1.3686150651065658
['cream cheese '],rolls/buns,0.0099644128113879,0.2512820512820513,1.3661464755992119
['frankfurter'],whole milk,0.020538891713268937,0.3482758620689655,1.3630294880414944
['frozen meals'],whole milk,0.009862735129639044,0.34767025089605735,1.360659338465071
"['shopping bags', 'yogurt']",whole milk,0.0052872394509405184,0.3466666666666667,1.356731662024141
['pastry'],soda,0.021047280122013217,0.23657142857142857,1.3566647230320699
['waffles'],other vegetables,0.010066090493136757,0.2619047619047619,1.353564547206166
"['frozen vegetables', 'whole milk']",rolls/buns,0.005083884087442806,0.24875621890547264,1.3524142691737553
"['pastry', 'soda']",other vegetables,0.005490594814438231,0.2608695652173913,1.3482144897073272
['newspapers'],rolls/buns,0.019725470259278087,0.24713375796178344,1.3435934270614371
['domestic eggs'],rolls/buns,0.015658362989323844,0.2467948717948718,1.3417510028206543
['newspapers'],whole milk,0.027351296390442297,0.34267515923566877,1.341110302858258
['red/blush wine'],other vegetables,0.00498220640569395,0.25925925925925924,1.339892178042467
['yogurt'],rolls/buns,0.03436705643111337,0.24635568513119532,1.339363274331291
"['other vegetables', 'shopping bags']",soda,0.005388917132689374,0.2324561403508772,1.3330648048693161
"['rolls/buns', 'soda']",other vegetables,0.009862735129639044,0.2572944297082228,1.3297376333055024
"['other vegetables', 'rolls/buns']",soda,0.009862735129639044,0.2315035799522673,1.3276021625834105
['chocolate'],other vegetables,0.012709710218607015,0.25614754098360654,1.3238103339851657
"['whipped/sour cream', 'whole milk']",rolls/buns,0.007829181494661922,0.24290220820189273,1.3205877377919375
['butter'],rolls/buns,0.013421453990849009,0.24220183486238533,1.3167800143015806
"['bottled water', 'other vegetables']",soda,0.0056939501779359435,0.22950819672131148,1.3161592505854802
['chocolate'],whole milk,0.016675139806812404,0.3360655737704918,1.3152427051463536
['napkins'],soda,0.011997966446365024,0.229126213592233,1.313968694273826
"['fruit/vegetable juice', 'whole milk']",soda,0.006100660904931368,0.22900763358778625,1.3132886742483254
['pastry'],other vegetables,0.02257244534824606,0.2537142857142857,1.3112348922753547
"['domestic eggs', 'other vegetables']",soda,0.005083884087442806,0.228310502283105,1.3092908396235206
['hard cheese'],rolls/buns,0.005897305541433655,0.24066390041493776,1.3084187178446174
['UHT-milk'],soda,0.007625826131164209,0.22796352583586627,1.307301035915886
"['butter', 'whole milk']",rolls/buns,0.0066090493136756485,0.23985239852398524,1.3040068211627391
"['other vegetables', 'whole milk']",rolls/buns,0.017895271987798677,0.2391304347826087,1.3000817170187708
"['fruit/vegetable juice', 'soda']",whole milk,0.006100660904931368,0.3314917127071823,1.2973422182551284
['waffles'],rolls/buns,0.009150991357397052,0.23809523809523808,1.2944536576377372
['candy'],rolls/buns,0.0071174377224199285,0.23809523809523808,1.294453657637737
"['tropical fruit', 'yogurt']",soda,0.0066090493136756485,0.22569444444444445,1.2942885487528346
['waffles'],whole milk,0.012709710218607015,0.3306878306878307,1.2941961061738219
['chocolate'],rolls/buns,0.01179461108286731,0.23770491803278687,1.2923316024612819
"['other vegetables', 'shopping bags']",whole milk,0.007625826131164209,0.32894736842105265,1.2873845477202754
"['sausage', 'whole milk']",soda,0.006710726995424504,0.22448979591836735,1.2873802582257394
"['citrus fruit', 'whole milk']",rolls/buns,0.007219115404168785,0.23666666666666666,1.2866869356919106
['grapes'],whole milk,0.007320793085917641,0.32727272727272727,1.2808305900227905
['pastry'],rolls/buns,0.02094560244026436,0.23542857142857143,1.2799557766721943
"['bottled water', 'soda']",rolls/buns,0.00681240467717336,0.23508771929824562,1.278102664067576
['tropical fruit'],rolls/buns,0.024605998983223184,0.23449612403100775,1.274886334906004
"['other vegetables', 'whipped/sour cream']",rolls/buns,0.006710726995424504,0.2323943661971831,1.263459696821059
['berries'],soda,0.007320793085917641,0.22018348623853212,1.2626848904699495
['coffee'],whole milk,0.018708693441789527,0.3222416812609457,1.261140841703701
['UHT-milk'],other vegetables,0.00813421453990849,0.24316109422492402,1.256694357174003
"['rolls/buns', 'tropical fruit']",soda,0.005388917132689374,0.2190082644628099,1.2559453533479505
"['bottled water', 'whole milk']",soda,0.0075241484494153535,0.21893491124260356,1.2555246950851349
['frozen meals'],soda,0.0062023385866802234,0.21863799283154123,1.2538219588910833
['newspapers'],other vegetables,0.019318759532282664,0.24203821656050956,1.2508911507475624
['sausage'],whole milk,0.0298932384341637,0.3181818181818182,1.2452519625221574
"['other vegetables', 'shopping bags']",rolls/buns,0.0052872394509405184,0.22807017543859648,1.2399503457372008
['sugar'],soda,0.007320793085917641,0.21621621621621623,1.239933811362383
"['curd', 'whole milk']",rolls/buns,0.005897305541433655,0.22568093385214008,1.2269607431928122
['chicken'],rolls/buns,0.009659379766141332,0.22511848341232227,1.2239028658707514
"['frankfurter', 'rolls/buns']",whole milk,0.005998983223182512,0.31216931216931215,1.221721124228088
['hygiene articles'],soda,0.007015760040671073,0.21296296296296297,1.2212773998488282
['meat'],soda,0.005490594814438231,0.2125984251968504,1.2191868873533664
['bottled water'],whole milk,0.03436705643111337,0.3109475620975161,1.2169396232507244
['shopping bags'],other vegetables,0.023182511438739197,0.23529411764705882,1.21603659855955
['napkins'],rolls/buns,0.011692933401118455,0.22330097087378642,1.2140215857068486
['root vegetables'],rolls/buns,0.024300965937976614,0.22294776119402984,1.2121012887469782
['bottled beer'],soda,0.016980172852058974,0.21085858585858586,1.2092094413522985
['whole milk'],rolls/buns,0.05663446873411286,0.2216474333465977,1.2050317893663838
['rolls/buns'],whole milk,0.05663446873411286,0.30790491984521834,1.2050317893663838
"['soda', 'whole milk']",rolls/buns,0.008845958312150484,0.22081218274111675,1.2004907779208862
"['domestic eggs', 'whole milk']",rolls/buns,0.0066090493136756485,0.22033898305084745,1.1979181306274653
['rolls/buns'],other vegetables,0.042602948652770714,0.2316196793808734,1.1970465300635258
['other vegetables'],rolls/buns,0.042602948652770714,0.22017866526537047,1.1970465300635258
"['rolls/buns', 'sausage']",whole milk,0.009354346720894764,0.30564784053156147,1.1961983731109858
['candy'],other vegetables,0.006914082358922217,0.23129251700680273,1.1953557040262242
['soda'],rolls/buns,0.03833248601931876,0.21982507288629738,1.1951241524802292
['rolls/buns'],soda,0.03833248601931876,0.2084024322830293,1.1951241524802292
['coffee'],other vegetables,0.013421453990849009,0.23117338003502627,1.194739985625057
['onions'],rolls/buns,0.00681240467717336,0.21967213114754097,1.1942926533090468
['bottled water'],rolls/buns,0.024199288256227757,0.21895124195032198,1.1903733911450616
['sliced cheese'],soda,0.005083884087442806,0.2074688796680498,1.1897705140147345
['specialty chocolate'],soda,0.00630401626842908,0.20735785953177258,1.1891338475189408
"['other vegetables', 'tropical fruit']",rolls/buns,0.007829181494661922,0.21813031161473087,1.1859102347876604
['pork'],soda,0.011896288764616167,0.20634920634920634,1.183349530288306
['dishes'],whole milk,0.0052872394509405184,0.30057803468208094,1.1763569323908736
"['shopping bags', 'whole milk']",rolls/buns,0.0052872394509405184,0.2157676348547718,1.1730650573779329
['long life bakery product'],soda,0.007625826131164209,0.20380434782608695,1.1687555456965395
['bottled water'],other vegetables,0.024809354346720894,0.22447102115915363,1.1601011524436553
['salty snack'],whole milk,0.011184544992374174,0.2956989247311828,1.1572618084883335
"['brown bread', 'whole milk']",soda,0.005083884087442806,0.20161290322580644,1.1561882817643185
"['other vegetables', 'tropical fruit']",soda,0.007219115404168785,0.20113314447592068,1.1534370121986472
['long life bakery product'],rolls/buns,0.007930859176410779,0.21195652173913043,1.152345158266638
['frozen vegetables'],rolls/buns,0.010167768174885612,0.21141649048625794,1.1494091674584557
"['fruit/vegetable juice', 'whole milk']",rolls/buns,0.005592272496187087,0.2099236641221374,1.1412931103599897
"['brown bread', 'whole milk']",rolls/buns,0.0052872394509405184,0.20967741935483872,1.139954350113233
"['shopping bags', 'soda']",other vegetables,0.005388917132689374,0.2190082644628099,1.1318687761385893
"['citrus fruit', 'other vegetables']",rolls/buns,0.005998983223182512,0.20774647887323944,1.1294563956430679
['sugar'],rolls/buns,0.007015760040671073,0.2072072072072072,1.1265245344847334
['beverages'],rolls/buns,0.005388917132689374,0.20703125,1.1255679069928135
"['pip fruit', 'whole milk']",rolls/buns,0.0062023385866802234,0.20608108108108109,1.1204021185364468
['specialty bar'],rolls/buns,0.005592272496187087,0.20446096654275092,1.111594033138726
['whipped/sour cream'],rolls/buns,0.014641586171835282,0.20425531914893616,1.110475988850076
['citrus fruit'],rolls/buns,0.01677681748856126,0.20270270270270271,1.102034870691587
['fruit/vegetable juice'],rolls/buns,0.014539908490086425,0.2011251758087201,1.093458321768249
"['shopping bags', 'soda']",whole milk,0.00681240467717336,0.2768595041322314,1.0835309284283705
"['sausage', 'soda']",whole milk,0.006710726995424504,0.27615062761506276,1.080756634538059
['candy'],whole milk,0.008235892221657347,0.2755102040816326,1.0782502416008186
"['rolls/buns', 'shopping bags']",whole milk,0.0052872394509405184,0.2708333333333333,1.0599466109563602
['specialty bar'],other vegetables,0.005592272496187087,0.20446096654275092,1.0566860777445903
['ice cream'],other vegetables,0.005083884087442806,0.2032520325203252,1.0504381186744078
['bottled beer'],other vegetables,0.016166751398068124,0.20075757575757575,1.0375463781270402
['specialty chocolate'],other vegetables,0.006100660904931368,0.20066889632107024,1.0370880690056363
['specialty chocolate'],whole milk,0.008032536858159633,0.26421404682274247,1.0340410467575296
['beverages'],whole milk,0.00681240467717336,0.26171875,1.0242753307799444
"['bottled water', 'soda']",whole milk,0.0075241484494153535,0.2596491228070175,1.0161755363338707
['bottled beer'],whole milk,0.02043721403152008,0.2537878787878788,0.9932366843926731
['shopping bags'],whole milk,0.024504321301474327,0.24871001031991744,0.9733636894136045
['misc. beverages'],whole milk,0.007015760040671073,0.24731182795698925,0.9678916943720608
['chewing gum'],whole milk,0.005083884087442806,0.24154589371980675,0.945325851466096
['specialty bar'],whole milk,0.006507371631926792,0.2379182156133829,0.9311283925816237
['ice cream'],whole milk,0.005897305541433655,0.23577235772357724,0.9227302579432478
"['rolls/buns', 'soda']",whole milk,0.008845958312150484,0.23076923076923078,0.9031497750160703
['soda'],whole milk,0.040061006609049314,0.22973760932944606,0.899112370774016
